2;AFC;PALAZZINA DIREZIONALE;PIANO RIALZATO;UFFICIO QUALITA';F.LAVISTA;HP;LaserJet 1022;22/07/2015;40.213;;;;;
3;AFC;PALAZZINA DIREZIONALE;PIANO RIALZATO;UFFICIO QUALITA';M.ZULIANI;HP;Officejet K8600;21/07/2015;1;;22/07/2015;500;;
4;AFC;PALAZZINA DIREZIONALE;PIANO RIALZATO;UFFICIO QUALITA';;REX-ROTARY;D5m620d;22/07/2015;104.116;;;;;
5;AFC;PALAZZINA DIREZIONALE;PIANO RIALZATO;UFFICIO / QUALITA';R.VERGOLINI / M.ZULIANI / CENCIG FADONE;Konica Minolta;Bizhub C 253;01/07/2015;551.068;134625;09/07/2015;552.518;135.438;10.10.4.238
6;AFC;PALAZZINA DIREZIONALE;PIANO RIALZATO;UFFICIO COMMERCIALE;;Konica Minolta;Bizhub 501;08/07/2015;209.328;;09/07/2015;209.552;;10.10.4.140
7;AFC;PALAZZINA DIREZIONALE;PIANO RIALZATO;UFFICIO / QUALITA';;OCE';OCE' 7055;;;;;;;
8;AFC;PALAZZINA DIREZIONALE;PIANO RIALZATO;UFFICIO SIMULAZIONE 3D;CELLA / MENEGAZZI;OKI;OKI C822;02/07/2015;30.590;;09/07/2015;30.838;;10.10.4.82
9;AFC;PALAZZINA DIREZIONALE;PIANO RIALZATO;UFFICIO SIMULAZIONE 3D;GPCOUNT;CANON;CANON IPF710;01/07/2015;6.510;;11/07/2015;6.559;;10.10.4.99
10;AFC;PALAZZINA DIREZIONALE;PIANO RIALZATO;UFFICIO PROGRAMMAZIONE;M.DE VITTOR;OKI;OKI C5700;01/07/2015;207.013;;11/07/2015;207.771;;10.10.4.229
11;AFC;PALAZZINA DIREZIONALE;PIANO RIALZATO;UFFICIO PROGRAMMAZIONE;M.DE VITTOR;HP;DeskJet 1220C;22/07/2015;1;;22/08/2015;500;;
12;AFC;PALAZZINA DIREZIONALE;PIANO RIALZATO;UFFICIO PROGRAMMAZIONE;D.BIZZARRA;HP;DeskJet 1280;22/07/2015;1;;22/08/2015;500;;
13;AFC;PALAZZINA DIREZIONALE;PIANO RIALZATO;UFFICIO PROGRAMMAZIONE;PC DI SERVIZIO;COMPUPRINT;COMPUPRINT 4/64;;;;;;;
14;AFC;PALAZZINA DIREZIONALE;PIANO RIALZATO;UFFICIO PROGRAMMAZIONE;A.MACUZ / GREGORONI;MUSTEK A3;MUSTEK A3;;;;;;;
15;AFC;PALAZZINA DIREZIONALE;1 PIANO;UFFICIO CONTABILITA';G.PARON;OKI;OKI C5300;22/07/2015;60.251;32125;;;;
16;AFC;PALAZZINA DIREZIONALE;1 PIANO;UFFICIO CONTABILITA';G.PARON;COMPUPRINT;COMPUPRINT1070;;;;;;;
17;AFC;PALAZZINA DIREZIONALE;1 PIANO;UFFICIO CONTABILITA';G.PARON;CANON;SCANNER CANON;;;;;;;
18;AFC;PALAZZINA DIREZIONALE;1 PIANO;UFFICIO CONTABILITA';M.FASIOLO;HP;DeskJet 5150;22/07/2015;1;;22/08/2015;500;;
19;AFC;PALAZZINA DIREZIONALE;1 PIANO;UFFICIO CONTABILITA';F.SCAREL;BROTHER;MFC-L2700DW;22/07/2015;2.209;;;;;
20;AFC;PALAZZINA DIREZIONALE;1 PIANO;UFF.LAVORAZIONI MECC. ESTERNE;G.PARONI / BROVEDANI;HP;OFFICEJET 7000;01/07/2015;7.230;;09/07/2015;7.243;;10.10.4.183
21;AFC;PALAZZINA DIREZIONALE;1 PIANO;CORRIDOIO;;KYOCERA;KM-5050;09/07/2015;121.364;;09/07/2015;121.388;;10.10.4.77
22;AFC;PALAZZINA DIREZIONALE;1 PIANO;UFFICIO ACQUISTI;S.CIGNOLA;HP;LaserJet 1022;22/07/2015;68.866;;;;;
23;AFC;PALAZZINA DIREZIONALE;1 PIANO;UFFICIO ACQUISTI;;BROTHER;MFC-7440N;01/07/2015;15.967;;11/07/2015;16.030;;10.10.4.77
24;AFC;PALAZZINA DIREZIONALE;1 PIANO;UFFICIO ACQUISTI;M.SARGENTINI;HP;LaserJet 1022;22/07/2015;95.104;;;;;
25;AFC;PALAZZINA DIREZIONALE;1 PIANO;DIREZIONE PRODUZIONE;M.RUSSO / LAPOINTE;HP;LaserJet P2055dn;22/07/2015;21.196;;;;;
26;AFC;PALAZZINA DIREZIONALE;2 PIANO;UFFICIO COMMERCIALE;V.MERLO / C.FISCI / A.BERNARDINO / K.AGATH / A.ZIGON;OLIVETTI;D-COLOR MF2001;01/07/2015;113.203;60.343;11/07/2015;113.895;60.966;10.10.4.199
27;AFC;PALAZZINA DIREZIONALE;2 PIANO;UFFICIO COMMERCIALE;ROTTAMATA;REX-ROTARY;REX-ROTARY 8851;;;;;;;
28;AFC;PALAZZINA DIREZIONALE;2 PIANO;UFFICIO COMMERCIALE;O.GULLION;HP;DeskJet 1280;22/07/2015;1;;22/08/2015;500;;
29;AFC;PALAZZINA DIREZIONALE;2 PIANO;UFFICIO COMMERCIALE;O.GULLION;OKI;OKI MICROLINER 395;;;;;;;
30;AFC;PALAZZINA DIREZIONALE;2 PIANO;UFFICIO COMMERCIALE;K.BERNARDINIS;OKI;OKI C5200;02/07/2015;348.295;;11/07/2015;349.086;;10.10.4.187
31;AFC;PALAZZINA DIREZIONALE;2 PIANO;UFFICIO COMMERCIALE;F.ERMEN;COMPUPRINT;COMPUPRINT 4/64;;;;;;;
32;AFC;PALAZZINA DIREZIONALE;2 PIANO;UFFICIO COMMERCIALE;F.ZOLLI;HP;LaserJet 1100;22/07/2015;1;;22/08/2015;500;;
33;AFC;PALAZZINA DIREZIONALE;2 PIANO;UFFICIO COMMERCIALE;C.BAUMGARDT;HP;DeskJet 1280;22/07/2015;1;;22/08/2015;500;;
34;AFC;PALAZZINA DIREZIONALE;2 PIANO;UFFICIO COMMERCIALE;L.SCORDAMAGLIA / A.VALDUGA;HP;OFFICEJET 7110;22/07/2015;1;;22/08/2015;500;;
35;AFC;PALAZZINA DIREZIONALE;2 PIANO;UFFICIO COMMERCIALE;E.BRUMAT;HP;LaserJet P2014;22/07/2015;69.966;;;;;
36;AFC;PALAZZINA DIREZIONALE;2 PIANO;SALA CED;;TALLY;TALLYGECONICOM 2265+;;;;;;;
37;AFC;STABILIMENTO;;UFFICIO MANUTENZIONE;BIANCIFIORE;BROTHER;BROTHER MCF-7820N;22/07/2015;1;;22/08/2015;500;;
38;AFC;STABILIMENTO;;UFFICIO MANUTENZIONE;A.TOSO;HP;LaserJet 2035;22/07/2015;4.872;;;;;
39;AFC;STABILIMENTO;;UFFICIO MANUTENZIONE;V.LAVARONI;HP;DeskJet 1220C;22/07/2015;1;;22/08/2015;500;;
40;AFC;STABILIMENTO;;UFFICIO MANUTENZIONE;V.LAVARONI;PLUSTEK;PLUSTEK SMARTOFFICE PL2546;;;;;;;
41;AFC;STABILIMENTO;;REPARTO ACCIAIERIA;A.OLIVER;HP;DeskJet 840C;22/07/2015;1;;22/08/2015;500;;
42;AFC;STABILIMENTO;;REPARTO ACCIAIERIA;;MUSTEK A3;MUSTEK A3;;;;;;;
43;AFC;STABILIMENTO;;REPARTO ACCIAIERIA;L.BALUTTO;HP;DeskJet 5940;22/07/2015;1;;22/08/2015;500;;
44;AFC;STABILIMENTO;;REPARTO ACCIAIERIA;D.SPANIC / N.MORANDINI;HP;LaserJet 6P;22/07/2015;1;;22/08/2015;500;;
45;AFC;STABILIMENTO;;LABORATORIO;M.FADONE;HP;DeskJet 840C;22/07/2015;1;;22/08/2015;500;;
46;AFC;STABILIMENTO;;LABORATORIO;M.ZULIANI;EPSON;EPSON LX-300+;22/07/2015;1;;22/08/2015;500;;
47;AFC;STABILIMENTO;;LABORATORIO;CAPITURNO;HP;6000 OFFICEJET;22/07/2015;1;;22/08/2015;500;;
48;AFC;STABILIMENTO;;LABORATORIO;;OKI;OKI MICROLINER 3020 TURBO;;;;;;;
49;AFC;STABILIMENTO;;FORMATURA 1;E.FIORIDO / F.CANTONI;HP;Officejet K8600;22/07/2015;1;;22/08/2015;500;;
50;AFC;STABILIMENTO;;COLLAUDO;M.MAREGA;HP;OFFICEJET 6100;22/07/2015;1;;22/08/2015;500;;
51;AFC;STABILIMENTO;;COLLAUDO;M.ZULIANI;HP;LaserJet 1200;22/07/2015;1;;22/08/2015;500;;
52;AFC;STABILIMENTO;;TRACCIATURA;D.ZANNIER;HP;DeskJet 1280;22/07/2015;1;;22/08/2015;500;;
53;AFC;DIVISIONE SIRIO;;MODELLERIA;D.CABBAI;HP;DeskJet 1220C;22/07/2015;1;;22/08/2015;500;;
54;AFC;DIVISIONE SIRIO;;ANIMISTERIA;C.FERLIZZA;HP;DeskJet 840C;22/07/2015;1;;22/08/2015;500;;
55;AFC;DIVISIONE SIRIO;;ANIMISTERIA;C.FERLIZZA;HP;LaserJet 1200;22/07/2015;1;;22/08/2015;500;;
56;AFC;DIVISIONE SIRIO;;UFFICIO R.S.P.P,;D.OKOKOLIC;OLIVETTI;D-COLOR MF2001;01/07/2015;90.748;23.326;11/07/2015;91.144;23.572;10.10.4.48
57;AFC;DIVISIONE SIRIO;;MODELLERIA;L.GORTAN;HP;OFFICEJET 6100;;;;;;;
58;AFC;DIVISIONE SIRIO;;MODELLERIA;L.GORTAN;EPSON;EPSON STYLUS COLOR 3000;;;;;;;
59;AFC;DIVISIONE SIRIO;;MODELLERIA;;OLIVETTI;D-COPIA 8015;;;;;;;
60;FACS FUCINE;UFFICI DIREZIONE;PIANTERRENO;UFFICIO TECNICO / PIANIFICAZIONE;PICCINI;OKI;OKI 9650;01/07/2015;44.508;;11/07/2015;44.705;;10.10.3.229
61;FACS FUCINE;UFFICI DIREZIONE;PIANTERRENO;PIANIFICAZIONE;M.SABADELLI;;;;;;;;;
62;FACS FUCINE;UFFICI DIREZIONE;PIANTERRENO;UFFICIO TECNICO / PIANIFICAZIONE;D.VIDA / ANDREA.PERTOLDI / A.PARAVAN / L.GIRARDI;;;;;;;;;
63;FACS FUCINE;UFFICI DIREZIONE;PIANTERRENO;MANUTENZIONE;ALEX PERTOLDI;BROTHER;BROTHER MCF-7460DN;22/07/2015;1;;22/08/2015;500;;
64;FACS FUCINE;UFFICI DIREZIONE;1 PIANO;CORRIDOIO;NON TROVATA;OLIVETTI;D-COLOR MF30;;;;;;;
65;FACS FUCINE;UFFICI DIREZIONE;1 PIANO;CORRIDOIO;;OCE';OCE' CS2236;01/07/2015;3.451;;11/07/2015;3.458;;10.10.3.250
66;FACS FUCINE;UFFICI DIREZIONE;1 PIANO;RESPONSABILE DI STABILIMENTO;M.OLIVO;HP;LaserJet P1102;22/07/2015;1;;22/08/2015;500;;
67;FACS FUCINE;UFFICI DIREZIONE;1 PIANO;UFF. ACQUISTI;N.MINIUSSI;xxxx;xxxx;01/07/2015;93.290;;10/07/2015;93.600;;10.10.3.180
68;FACS FUCINE;Corridoio;1 PIANO;;;Konica Minolta;Generic 30C-1;01/07/2015;397.802;;11/07/2015;399.228;;10.10.3.185
69;FACS FUCINE;Ufficio Tecnico;;;PICCINI;KYOCERA;KM-5050;01/07/2015;90.560;;11/07/2015;91.851;;10.10.3.45
70;FACS FUCINE;UFFICI DIREZIONE;1 PIANO;R.S.P.P.;C.ODDO;;;;;;;;;
71;FACS FUCINE;UFFICI DIREZIONE;2 PIANO;CORRIDOIO;;Konica Minolta;Bizhub C 253;01/07/2015;389.970;165.467;11/07/2015;392.239;166.177;10.10.3.26
72;FACS FUCINE;UFFICI DIREZIONE;2 PIANO;;;REX-ROTARY;REX-ROTARY 6992;22/07/2015;1;;22/08/2015;500;;
73;FACS FUCINE;UFFICI DIREZIONE;2 PIANO;UFF.COMMERCIALE;A.SICURO;OLIVETTI;D-COLOR P26;22/07/2015;58.940;43193;;;;
74;FACS FUCINE;UFFICI DIREZIONE;2 PIANO;UFF.COMMERCIALE;A.SICURO;COMPUPRINT;COMPUPRINT 4/64;;;;;;;
75;FACS FUCINE;UFFICI DIREZIONE;2 PIANO;UFF.COMMERCIALE;N.DOMINI;HP;LaserJet 1022;22/07/2015;32.695;;;;;
76;FACS FUCINE;UFFICI DIREZIONE;2 PIANO;UFF.COMMERCIALE;N.DOMINI;COMPUPRINT;COMPUPRINT 4/64;;;;;;;
77;FACS FUCINE;UFFICI DIREZIONE;2 PIANO;;;;;;;;;;;
78;FACS FUCINE;UFFICI DIREZIONE;2 PIANO;;;;;;;;;;;
79;FACS FUCINE;UFFICI DIREZIONE;2 PIANO;AMMINISTRAZIONE;G.MENEGON;OKI;OKI C3450;01/07/2015;48.813;;11/07/2015;49.145;;10.10.3.177
80;FACS FUCINE;UFFICI DIREZIONE;2 PIANO;AMMINISTRAZIONE;G.MENEGON;COMPUPRINT;COMPUPRINT 4/64;;;;;;;
81;FACS FUCINE;UFFICI DIREZIONE;2 PIANO;AMMINISTRAZIONE;L.COSCIA;HP;LaserJet 6L;22/07/2015;1;;22/08/2015;500;;
82;FACS FUCINE;UFFICI DIREZIONE;2 PIANO;AMMINISTRAZIONE;L.COSCIA;TALLY;TALLYGECONICOM 2265+;;;;;;;
83;FACS FUCINE;UFFICI DIREZIONE;2 PIANO;OPERATION MANAGER;S.FASSINA;;;;;;;;;
84;FACS FUCINE;UFFICI DIREZIONE;2 PIANO;DIREZIONE;G.AMICI;RICOH;RICOH SP204SFN;22/07/2015;1;;22/08/2015;500;;
85;FACS FUCINE;UFFICI DIREZIONE;2 PIANO;UFF.COMMERCIALE;F.ZORZENONE / M.KOSMINA / G.BELTRAME / M.PERES;HP;LaserJet 1300;22/07/2015;1;;22/08/2015;500;;
86;FACS FUCINE;STABILIMENTO;;FORGIA;CAPITURNO;HP;DeskJet 815C;22/07/2015;1;;22/08/2015;500;;
87;FACS FUCINE;STABILIMENTO;;COLLAUDO;;KYOCERA;M6526CDN;01/07/2015;30.039;;11/07/2015;31.188;;10.10.3.103
88;FACS FUCINE;STABILIMENTO;;COLLAUDO;;ZEBRA;ZEBRA ZT710;;;;;;;
89;FACS FUCINE;STABILIMENTO;;;S.COSOLO / E.NARDUZZI / S.SALERNO / S.MUZYCHUCK / N.DANIELIS;OKI;OKI C5700;22/07/2015;36.240;27247;;;;
90;FACS FUCINE;STABILIMENTO;;SPEDIZIONI;C.BERTOLLA / F.GARUFFI;OLIVETTI;D-COPIA 300;22/07/2015;94.115;;;;;
91;FACS FUCINE;STABILIMENTO;;SPEDIZIONI;C.BERTOLLA / F.GARUFFI;EPSON;EPSON LQ-2070;;;;;;;
92;FACS FUCINE;;;;R.SCLAUZERO;KYOCERA;KM-1650KX;01/07/2015;212.529;;11/07/2015;212.853;;10.10.3.24
93;FACS FUCINE;;;;R.SCLAUZERO;HP;1120C;22/07/2015;1;;22/08/2015;500;;
94;FACS FUCINE;;;;C.DE MARCO;HP;DeskJet 1220C;22/07/2015;1;;22/08/2015;500;;
95;FACS FUCINE;;;;EX CARLINI;HP;1120C;22/07/2015;1;;22/08/2015;500;;
96;FACS FUCINE;;;IN REPARTO;D.SOMMARO;HP;OFFICEJET K700;22/07/2015;1;;22/08/2015;500;;
97;FACS FUCINE;;;;M.ZAMPAR;HP;DeskJet 1280;;;;;;;
98;FACS FUCINE;;;;M.ZAMPAR;REX-ROTARY;REX ROTARY 8715Z;;;;;;;
99;FAREM FONDERIE ACCIAO REMANZACCO;;PIANTERRENO;;E.DE LUCA;HP;DeskJet 840C;22/07/2015;1;;22/08/2015;500;;
100;FAREM FONDERIE ACCIAO REMANZACCO;;1 PIANO;;D.ANTONUTTI;HP;DeskJet 1280;22/07/2015;1;;22/08/2015;500;;
101;FAREM FONDERIE ACCIAO REMANZACCO;;1 PIANO;;R.CHIABAI;HP;DeskJet 840C;22/07/2015;1;;22/08/2015;500;;
102;FAREM FONDERIE ACCIAO REMANZACCO;;1 PIANO;;R.CHIABAI;COMPUPRINT;COMPUPRINT 4/64;22/07/2015;1;;22/08/2015;500;;
103;FAREM FONDERIE ACCIAO REMANZACCO;;1 PIANO;;;COMPUPRINT;COMPUPRINT 4/41;;;;;;;
104;FAREM FONDERIE ACCIAO REMANZACCO;;1 PIANO;;;OLIVETTI;D-COPIA 18 MF;22/07/2015;79.910;;;;;
105;FAREM FONDERIE ACCIAO REMANZACCO;;1 PIANO;;S.PERESSINI;HP;DeskJet 1220C;;;;;;;
106;FAREM FONDERIE ACCIAO REMANZACCO;;1 PIANO;;P.CALCATERRA;OKI;OKI MICROLINE 395;;;;;;;
107;FAREM FONDERIE ACCIAO REMANZACCO;;1 PIANO;;P.CALCATERRA;HP;LaserJet 1022;22/07/2015;49.512;;;;;
108;FAREM FONDERIE ACCIAO REMANZACCO;;1 PIANO;;EX TION;HP;DESIGNJET 130;;;;;;;
109;FAREM FONDERIE ACCIAO REMANZACCO;ACCIAIERIA;;;M.DI FANT;OKI;OKI C310;22/07/2015;49.600;36214;;;;
110;FAREM FONDERIE ACCIAO REMANZACCO;ACCIAIERIA;;;M.DI FANT;COMPUPRINT;COMPUPRINT 4/64;;;;;;;
111;FAREM FONDERIE ACCIAO REMANZACCO;ACCIAIERIA;;SPEDIZIONE;TOMADA;HP;LaserJet 1022;22/07/2015;139.663;;;;;
112;FAREM FONDERIE ACCIAO REMANZACCO;ACCIAIERIA;;SPEDIZIONE;TOMADA;COMPUPRINT;COMPUPRINT 4/41;;;;;;;
113;FAREM FONDERIE ACCIAO REMANZACCO;ACCIAIERIA;;COLLAUDO;D.STEFANINI;OKI;OKI 310dn;22/07/2015;88.893;57142;;;;
114;FAREM FONDERIE ACCIAO REMANZACCO;;;;M.CAVE;HP;DeskJet 5740;;;;;;;
115;FAREM FONDERIE ACCIAO REMANZACCO;;;;M.CAVE;REX-ROTARY;REX ROTARY 1808;;;;;;;
116;FAREM FONDERIE ACCIAO REMANZACCO;GPCOUNT;;GPCOUNT;GPCOUNT;KYOCERA;KM-2050;01/07/2015;287.399;;11/07/2015;288.851;;10.10.2.223
117;FLAG-IFI;;;UFFICIO PRODUZIONE  IFI;;HP;DeskJet 9800;20/07/2015;1;;20/08/2015;500;;
118;FLAG-IFI;;;UFFICIO PRODUZIONE  IFI;;KYOCERA;FS-C5100DN;20/07/2015;47.707;45748;;;;10.10.7.222
119;FLAG-IFI;;;UFFICIO PRODUZIONE  IFI;;HP;LaserJet 1320;20/07/2015;50.371;;;;;
120;FLAG-IFI;;;UFFICIO PRODUZIONE  IFI;ROTTAMATA;OLIVETTI;D-COPIA 25;;;;;;;
121;FLAG;;;UFFICIO MANUTENZIONE;;HP;LaserJet 1320;20/07/2015;15.678;;;;;
122;FLAG;;;UFFICIO R.S.P.P. GERARDUZ MASSIMO;;HP;DeskJet 1220C;20/07/2015;1;;20/08/2015;500;;
123;FLAG;;;UFFICIO COLLAUDO/FINITURA;NON TROVATA;KYOCERA;FS-6950DN;;;;;;;
124;FLAG;;;UFFICIO COLLAUDO/FINITURA;NON TROVATA;OLIVETTI;D-COPIA 23;;;;;;;
125;FLAG;;;UFFICIO RADIOGRAFICO;;OKI;OKI MICROLINE 395;;;;;;;
126;FLAG;;;UFFICIO RADIOGRAFICO;;HP;LaserJet 1320;20/07/2015;50.477;;;;;
127;FLAG;;;UFFICIO SPEDIZIONI;;BULL COMPUPRINT;BULL 4/66;;;;;;;
128;FLAG;;;UFFICIO SPEDIZIONI;;BULL COMPUPRINT;BULL 4/64;;;;;;;
129;FLAG;;;UFFICIO SPEDIZIONI;;HP;LaserJet P2035;20/07/2015;1;;20/08/2015;500;;
130;FLAG;;;UFFICIO TAGLIO CANNELLO;;HP;LaserJet 1200;20/07/2015;1;;20/08/2015;500;;
131;FLAG;;;UFFICIO AMMINISTRATORE DELEGATO;;HP;LaserJet 1022;20/07/2015;18.334;;;;;
132;FLAG;;;UFFICIO MARCHI COMMERCIALE;;HP;LaserJet P2014;20/07/2015;51.882;;;;;
133;FLAG;;;UFFICIO FERRONATO COLLAUDO;;HP;LaserJet 1320;20/07/2015;55.277;;;;;
134;FLAG;;;UFFICIO COLLAUDO;NON TROVATA;HP;DeskJet 1280;;;;;;;
135;FLAG;;;UFFICIO CONTROLLO QUALITA';;KYOCERA;FS-6950DN;01/07/2015;193.667;;10/07/2015;194.119;;10.10.7.101
136;FLAG;;;SALA SERVER;;BROTHER;BROTHER FAX 2825;20/07/2015;8.335;;;;;
137;FLAG;;;SALA SERVER;;BULL COMPUPRINT;BULL 4/64;;;;;;;
138;FLAG;;;SALA SERVER;;BULL COMPUPRINT;BULL 4/64;;;;;;;
139;FLAG;;;SALA SERVER;ROTTAMATA;OLIVETTI;D-COPIA 35;;;;;;;
140;FLAG;;;UFFICIO PERSONALE;;HP;LaserJet 6L;20/07/2015;1;;20/08/2015;500;;
141;FLAG;;;UFFICIO PERSONALE;;OKI;OKI MICROLINE 395;;;;;;;
142;FLAG;;;UFFICIO AMMINISTRAZIONE;NON TROVATA;HP;LaserJet 1022;;;;;;;
143;FLAG;;;UFFICIO AMMINISTRAZIONE;DISMESSA;HP;DeskJet 1220C;;;;;;;
144;FLAG;;;UFFICIO ACQUISTI;;HP;LaserJet 1320;20/07/2015;42.828;;;;;
145;FLAG;;;UFFICIO ACQUISTI;;KYOCERA;Ecosys FS1325MFP;20/07/2015;127;;;;;
146;FLAG;;;UFFICIO AMMINISTRAZIONE SACCHETTO;;HP;LaserJet P2014;20/07/2015;86.802;;;;;
147;FLAG;RESA RIPARATA;;UFFICIO SACCHETTO;NON TROVATA;OKI;OKI MICROLINE 395;;;;;;;
148;FLAG;;;UFFICIO COMMERCIALE;;HP;DeskJet D4260;20/07/2015;1;;20/08/2015;500;;
149;FLAG;;;UFFICIO COMMERCIALE;Pitteri;HP;LaserJet 1100;20/07/2015;1;;20/08/2015;500;;
150;FLAG;;;UFFICIO COMMERCIALE;;BULL COMPUPRINT;BULL 4/64;;;;;;;
151;FLAG;;;UFFICIO COMMERCIALE;;BULL COMPUPRINT;BULL 4/64;;;;;;;
152;FLAG;;;UFFICIO COMMERCIALE;;HP;LaserJet 5000N;01/07/2015;475.339;;11/07/2015;475.571;;10.10.7.103
153;FLAG;;;UFFICIO MANUTENZIONE IMPIANTI;ROTTAMATA;OLIVETTI;D-COPIA 9017;;;;;;;
154;FLAG;;;UFFICIO MODELLERIA;;KYOCERA;FS-6950DN;20/07/2015;22.899;;;;;
155;FLAG;;;UFFICIO MANUTENZIONE IMPIANTI;ROTTAMATA;HP;LaserJet 5;;;;;;;
156;FLAG;;;UFFICIO MODELLERIA;NON TROVATA;HP;LaserJet 1100;;;;;;;
157;FLAG;;;UFFICIO MODELLERIA;;HP;LaserJet 5N;20/07/2015;1;;20/08/2015;500;;
158;FLAG;;;UFFICIO ACCIAIERIA;;EPSON;EPSON LX 400;20/07/2015;1;;20/08/2015;500;;
159;FLAG;;;UFFICIO ACCIAIERIA;;HP;LaserJet 1100;20/07/2015;1;;20/08/2015;500;;
160;FLAG;;;SALA SERVER;;Konica Minolta;Bizhub C 353;01/07/2015;260.522;131658;11/07/2015;263.517;132.634;10.10.7.250
161;FLAG;;;UFFICIO FINITURA;Cestaro;OLIVETTI;d-Copia 303MF;01/07/2015;72.241;;11/07/2015;73.535;;10.10.7.92
162;FLAG;;;UFFICIO TECNICO;;KYOCERA;KM-2550;01/07/2015;477;;11/07/2015;732;;10.10.7.12
163;FLAG-IFI;;;INGRESSO;;Konica Minolta;Bizhub C 253;01/07/2015;180.860;40219;11/07/2015;181.264;40.479;10.10.7.196
164;CIVIDALE SPA;;PIANTERRENO;CED;;INFOPRINT;INFOPRINT 6500;;;;;;;
165;CIVIDALE SPA;;PIANTERRENO;CED;ROTTAMATA;LANIER;7320 COPIER;;;;;;;
166;CIVIDALE SPA;;PIANTERRENO;CED;E.VIRGOLIN;COMPUPRINT;COMPUPRINT 4/41;;;;;;;
167;CIVIDALE SPA;;PIANTERRENO;CED;PAVIOTTI;BROTHER;FAX2820;22/07/2015;9.468;;;;;
168;CIVIDALE SPA;;PIANTERRENO;CED;;OKI;OKI C3450;22/07/2015;70.616;35008;;;;10.10.1.221
169;CIVIDALE SPA;;PIANTERRENO;CED;C.IOB;FUJITSU;FUJITSU DL 7400;;;;;;;
170;CIVIDALE SPA;;PIANTERRENO;CED;N.PAVIOTTI;OLIVETTI;D-COPIA 403MFen;03/07/2015;63.744;;10/07/2015;64.116;;10.10.1.63
171;CIVIDALE SPA;;2 PIANO;UFFICIO PESONALE;L.ROMANELLO;HP;DeskJet 840C;22/07/2015;1;;22/08/2015;500;;
172;CIVIDALE SPA;;2 PIANO;UFFICIO PESONALE;A.ZUCCO;OKI;OKI MICROLINE 340;;;;;;;
173;CIVIDALE SPA;;2 PIANO;UFFICIO PESONALE;A.ZUCCO;OLIVETTI;PG L2040;01/07/2015;703.019;;11/07/2015;707.234;;10.10.1.68
174;CIVIDALE SPA;;2 PIANO;UFFICIO PESONALE;L. ANTONIA COMI;OKI;OKI C3450;01/07/2015;51.251;;11/07/2015;51.484;;10.10.1.226
175;CIVIDALE SPA;GPCOUNT;;GP COUNT;GPCOUNT;OKI;OKI C3450;01/07/2015;70.175;;11/07/2015;70.343;;10.10.1.227
176;CIVIDALE SPA;;2 PIANO;UFFICIO PESONALE;E.VARUTTI;OLIVETTI;PG L2040;01/07/2015;315.257;;10/07/2015;317.609;;10.10.1.220
177;CIVIDALE SPA;;2 PIANO;UFFICIO PESONALE;F.ROMANUTTI;OLIVETTI;PG L2040;01/07/2015;107.656;;11/07/2015;108.232;;10.10.1.37
178;CIVIDALE SPA;;2 PIANO;UFFICIO PESONALE;ROTTAMATA;RICOH;RICOH FT7650 (Da Rottamare);;;;;;;
179;CIVIDALE SPA;;2 PIANO;UFFICIO PESONALE;;Konica Minolta;Bizhub 501;01/07/2015;117.522;;10/07/2015;118.256;;10.10.1.160
180;CIVIDALE SPA;;2 PIANO;AMMINISTRAZIONE;M.T.ZILLI;BULL COMPUPRINT;BULL COMPUPRINT 970;;;;;;;
181;CIVIDALE SPA;;2 PIANO;AMMINISTRAZIONE;M.T.ZILLI;OLIVETTI;PG L2040;22/07/2015;108.803;;;;;
182;CIVIDALE SPA;;2 PIANO;UFFICIO ACQUISTI;ROTTAMATA;KYOCERA;FS-3900DN;;;;;;;
183;CIVIDALE SPA;;3 PIANO;SEGRETERIA;G. RIGO;KYOCERA;FS-1370DN;22/07/2015;98.448;;;;;
184;CIVIDALE SPA;;3 PIANO;SEGRETERIA;NON TROVATA;OLIVETTI;MULTIFUNZIONE;;;;;;;
185;CIVIDALE SPA;;3 PIANO;SEGRETERIA;;OLIVETTI;d-Color MF25;22/07/2015;130.621;43530;;;;10.10.1.207
186;CIVIDALE SPA;;3 PIANO;SEGRETERIA;F.ZERILLI;HP;DeskJet 815C;22/07/2015;1;;22/08/2015;500;;
187;CIVIDALE SPA;;3 PIANO;DIREZIONE;C.VALDUGA;HP;DeskJet 840C;;;;;;;
188;CIVIDALE SPA;;3 PIANO;DIREZIONE;G.CANZUTTI;HP;LaserJet 1100;22/07/2015;1;;22/08/2015;500;;
189;CIVIDALE SPA;dcf;3 PIANO;DIREZIONE;C.ROSSI;HP;DeskJet 840C;22/07/2015;1;;22/08/2015;500;;
190;CIVIDALE SPA;;3 PIANO;DIREZIONE;C.ROSSI;OKI;OKI MICROLINE 395;22/07/2015;1;;22/08/2015;500;;
191;CIVIDALE SPA;;3 PIANO;DIREZIONE;B.PAGNUTTI;HP;OFFICEJET 6100;22/07/2015;1;;22/08/2015;500;;
192;CIVIDALE SPA;;3 PIANO;DIREZIONE;B.PAGNUTTI;HP;DeskJet 1280;22/07/2015;1;;22/08/2015;500;;
193;INOSSMAN;;;DIGEN;;HP;OFFICEJET 7000;;;;;;;
194;INOSSMAN;;;AMMINISTRAZIONE;non trovata;OKI;OKI MICROLINE 5591;;;;;;;
195;INOSSMAN;;;COMMERCIALE;;OKI;OKI MICROLINE 3410;;;;;;;
196;INOSSMAN;;;COMMERCIALE;;HP;DeskJet 1280;;;;;;;
197;INOSSMAN;;;COMMERCIALE;;OLIVETTI;PG L2040;01/07/2015;370.262;;11/07/2015;372.010;;10.10.5.229
198;INOSSMAN;;;COMMERCIALE;COSTO COPIA;OKI;OKI C5100;01/07/2015;78.534;;11/07/2015;78.611;;10.10.5.47
199;INOSSMAN;;;AMMINISTRAZIONE;;BULL COMPUPRINT;BULL COMPUPRINTER 970;;;;;;;
200;INOSSMAN;;;AMMINISTRAZIONE;;BULL COMPUPRINT;BULL COMPUPRINTER 970;;;;;;;
201;INOSSMAN;;;AMMINISTRAZIONE;RIMOSSA;HP;DeskJet 840C;;;;;;;
202;INOSSMAN;;;AMMINISTRAZIONE;;OKI;OKI C310;;46.184;;;;;
203;INOSSMAN;;;COMMESSE;;HP;LaserJet P2035;;;;;;;
204;INOSSMAN;;;COMMESSE;;HP;LaserJet 1022;;;;;;;
205;INOSSMAN;;;ACQUISTI;;HP;LaserJet 1022;;;;;;;
206;INOSSMAN;;;CENTRALINO;non trovata VEDERE IT TAV;OKI;OKI C3450;;;;;;;
207;INOSSMAN;;;CONTROLLO QUALITA;;HP;LaserJet 1022;;;;;;;
208;INOSSMAN;;;CONTROLLO QUALITA;;Triumph-Adler;Triumph-Adler DC 2120;01/07/2015;537.964;;11/07/2015;539551;;
209;INOSSMAN;;;CONTROLLO QUALITA;;KYOCERA;FS-1350DN;;136.674;;;;;
210;INOSSMAN;;;CONTROLLO QUALITA;;OKI;OKI MICROLINE 5591;;;;;;;
211;INOSSMAN;;;CONTROLLO QUALITA;;HP;LaserJet P2035;;;;;;;
212;INOSSMAN;;;CONTROLLO QUALITA;;HP;LaserJet 1160;;;;;;;
213;INOSSMAN;;;FINITURA;;OKI;OKI C5950;;;;;;;
214;INOSSMAN;;;FINITURA;;CANON;CANON NP 6220;;;;;;;
215;INOSSMAN;;;FINITURA;;BULL COMPUPRINT;BULL COMPUPRINTER 4/68;;;;;;;
216;INOSSMAN;;;GERARDUZ MASSIMO;non trovata VEDERE IT TAV;HP;DeskJet 1280;;;;;;;
217;INOSSMAN;;;LABORATORIO;;BULL COMPUPRINT;BULL COMPUPRINTER 4/41;;;;;;;
218;INOSSMAN;;;LABORATORIO;;HP;DeskJet 840C;;;;;;;
219;INOSSMAN;;;SALA SERVER;;SAMSUNG;FAX SAMSUNG SF 650;;;;;;;
220;INOSSMAN;;;SALA SERVER;;TALLY;TALLY 2265+;;;;;;;
221;INOSSMAN;;;SALA SERVER;;Triumph-Adler;Triumph-Adler DC 2120;01/07/2015;381.318;;11/07/2015;382813;;
222;INOSSMAN;;;UFF. COMMERCIALE;;OKI;OKI MICROLINE 5591;;;;;;;
223;INOSSMAN;;;UFFICIO TECNICO;;SAMSUNG;FAX SAMSUNG SF 560 R;;;;;;;
224;INOSSMAN;;;UFFICIO TECNICO;;Triumph-Adler;Triumph-Adler DC 2120;01/07/2015;263.561;;11/07/2015;264870;;
225;INOSSMAN;;;UFFICIO TECNICO;;HP;DeskJet 1220C;;;;;;;
226;INOSSMAN;;;UFFICIO TECNICO;;HP;DeskJet 1280;;;;;;;
227;INOSSMAN;;;UFFICIO TECNICO;;TALLY;TALLY 2265+;;;;;;;
228;INOSSMAN;;;UFFICIO TECNICO;;HP;DeskJet 1280;;;;;;;
229;INOSSMAN;;;UFFICIO TECNICO;;HP;LaserJet 1022;;;;;;;
230;INOSSMAN;;;UFFICIO TECNICO;;HP;DeskJet 1220C;;;;;;;
231;INOSSMAN;;;UFFICIO TECNICO;;HP;DeskJet 1280;;;;;;;
232;INOSSMAN;;;UFFICIO TECNICO;;OCE';OCE 7056;;;;;;;
233;INOSSMAN;;;UFFICIO TECNICO;;CANON;CANON IPF710;01/07/2015;3.615;;11/07/2015;3.666;;10.10.5.155
234;ZML;PALAZZINA;;AMMINISTRAZIONE;Liani, Burei, Guzzo, Benvenuto, Barbazza, Saverio;OLIVETTI;d-copia 35;01/07/2015;12.083;;;0;;
235;ZML;PALAZZINA;;AMMINISTRAZIONE;Burei;ZEBRA;TLP 2844-Z;;;;;;;
236;ZML;GPCOUNT;;GP COUNT;GPCOUNT;KYOCERA;KM-3530;01/07/2015;437.705;;11/07/2015;440.566;;10.192.32.129
237;ZML;GPCOUNT;;GP COUNT;GPCOUNT;KYOCERA;KM-3530;01/07/2015;172.625;;11/07/2015;173.701;;10.192.32.131
238;ZML;GPCOUNT;;GP COUNT;GPCOUNT;KYOCERA;KM-3530;01/07/2015;392.494;;11/07/2015;398.389;;10.192.32.133
239;ZML;GPCOUNT;;GP COUNT;GPCOUNT;KYOCERA;KM-3530;01/07/2015;545.586;;11/07/2015;548.848;;10.192.32.135
240;ZML;GPCOUNT;;GP COUNT;GPCOUNT;KYOCERA;KM-3530;01/07/2015;385.034;;11/07/2015;386.717;;10.192.32.65
241;ZML;GPCOUNT;;GP COUNT;GPCOUNT;KYOCERA;KM-3530;01/07/2015;599.380;;11/07/2015;603.873;;10.192.32.73
242;ZML;GPCOUNT;;GP COUNT;GPCOUNT;KYOCERA;KM-3530;01/07/2015;181.621;;11/07/2015;182.603;;10.192.32.85
243;ZML;GPCOUNT;;GP COUNT;GPCOUNT;KYOCERA;KM-3530;01/07/2015;314.316;;11/07/2015;315.716;;10.192.33.128
244;ZML;GPCOUNT;;GP COUNT;GPCOUNT;KYOCERA;KM-3530;01/07/2015;323.998;;11/07/2015;325.415;;10.192.33.16
245;ZML;GPCOUNT;;GP COUNT;GPCOUNT;KYOCERA;Ecosys M2535dn;01/07/2015;1.010;;11/07/2015;1.673;;10.192.32.188
246;ZML;GPCOUNT;;GP COUNT;GPCOUNT;HP;DeskJet 6600;01/07/2015;41.317;;08/07/2015;41.321;;10.192.32.196
247;ZML;GPCOUNT;;GP COUNT;GPCOUNT;HP;DeskJet 6600;01/07/2015;9.085;;08/07/2015;9.091;;10.192.32.94
248;ZML;GPCOUNT;;GPCOUNT;GPCOUNT;KYOCERA;KM-2050;01/07/2015;117.324;;11/07/2015;117.539;;10.192.32.226
249;ZML;PALAZZINA;;AMMINISTRAZIONE;Ufficio Saverio;HP;DeskJet 6620;;;;;;;
250;ZML;PALAZZINA;;COG / SINF;Venerus, Rossitti, Borroni, Artuso;HP;LaserJet 2420;;;;;;;
251;ZML;PALAZZINA;;COMMERCIALI GH / AL;Dametto, Pessot, Stella, Casonatto, Invillo, De Lorenzo, Bacinello;BROTHER;FAX-2820;;;;;;;
252;ZML;PALAZZINA;;COMMERCIALI GH / AL;Saletta vuota presso ufficio commerciale Gh / Al;HP;DeskJet 1280;;;;;;;
253;ZML;PALAZZINA;;COMMERCIALI GH / AL;Ufficio Dametto;HP;DeskJet 5550;;;;;;;
254;ZML;PALAZZINA;;COMMERCIALI GH / AL;Dametto, Pessot, Stella, Casonatto, Invillo, De Lorenzo, Bacinello;HP;Color Laser Jet 1600;;;;;;;
255;ZML;PALAZZINA;;COMMERCIALI GH / AL;Dametto, Pessot, Stella, Casonatto, Invillo, De Lorenzo, Bacinello;PANASONIC;KXFL541JT;;;;;;;
256;ZML;PALAZZINA;;COMMERCIALI GH / AL;Dametto, Pessot, Stella, Casonatto, Invillo, De Lorenzo, Bacinello;KYOCERA;FS-1370DN;01/07/2015;69.857;;11/07/2015;71.196;;10.192.32.113
257;ZML;PALAZZINA;;COMMERCIALI RAME;Vandelli, Rovedo, Siega. Bussolo;BROTHER;FAX-2820;;;;;;;
258;ZML;PALAZZINA;;COMMERCIALI RAME;Vandelli, Rovedo, Siega. Bussolo;HP;LaserJet 4250;;;;;;;
259;ZML;PALAZZINA;;COMMERCIALI RAME;Vandelli, Rovedo, Siega. Bussolo;HP;Color Laser Jet 1600;;;;;;;
260;ZML;PALAZZINA;;CORRIDOIO PIANO TERRA;;OLIVETTI;d-copia 35;;;;;;;
261;ZML;PALAZZINA;;Ex Ufficio Acquisti;Varnerin (NON USATA);HP;DeskJet 845C;;;;;;;
262;ZML;PALAZZINA;;INFERMERIA;Lenarduzzi;EPSON;EPL-5500;;;;;;;
263;ZML;PALAZZINA;;INFERMERIA;Lenarduzzi;HP;LaserJet 5;;;;;;;
264;ZML;PALAZZINA;;Magazzino Sala Server;Backup ?;DOCUJET;RA3300;;;;;;;
265;ZML;PALAZZINA;;Magazzino Sala Server;Backup ?;DOCUJET;RA3300;;;;;;;
266;ZML;PALAZZINA;;Magazzino Sala Server;Backup ?;DOCUJET;RA3300;;;;;;;
267;ZML;PALAZZINA;;Magazzino Sala Server;Backup ?;DOCUJET;RA3300;;;;;;;
268;ZML;PALAZZINA;;Magazzino Sala Server;Backup ?;EPSON;Stylus 1000;;;;;;;
269;ZML;PALAZZINA;;Magazzino Sala Server;Backup ?;EPSON;Stylus 1000;;;;;;;
270;ZML;PALAZZINA;;Magazzino Sala Server;Backup ?;EPSON;LQ-1070+;;;;;;;
271;ZML;PALAZZINA;;Magazzino Sala Server;Backup ?;LEXMARK;2381 Plus;;;;;;;
272;ZML;PALAZZINA;;Magazzino Sala Server;Backup ?;LEXMARK;2391 Plus;;;;;;;
273;ZML;PALAZZINA;;Magazzino Sala Server;Backup (nuova imballata);ZEBRA;GK420t;;;;;;;
274;ZML;PALAZZINA;;Magazzino Sala Server;Backup ?;HP;DeskJet 960C;;;;;;;
275;ZML;PALAZZINA;;Magazzino Sala Server;Backup ?;HP;DeskJet 1220C;;;;;;;
276;ZML;PALAZZINA;;Magazzino Sala Server;Backup (Forno KO - Da usare per pezzi di ricambio);HP;LaserJet 5M;;;;;;;
277;ZML;PALAZZINA;;Magazzino Sala Server;Backup ?;HP;LaserJet P2015dn;;;;;;;
278;ZML;PALAZZINA;;Magazzino Sala Server;Backup ?;HP;LaserJet 4000T;;;;;;;
279;ZML;PALAZZINA;;Magazzino Sala Server;Backup ?;HP;LaserJet 2420;;;;;;;
280;ZML;PALAZZINA;;Magazzino Sala Server;AS400 (Backup);TALLY;T6045;;;;;;;
281;ZML;PALAZZINA;;Magazzino Sala Server;Backup ?;HP;3500C;;;;;;;
282;ZML;PALAZZINA;;Magazzino Sala Server;Backup ?;HP;3500C;;;;;;;
283;ZML;PALAZZINA;;Magazzino Sala Server;Backup ?;EPSON;1670;;;;;;;
284;ZML;PALAZZINA;1 PIANO;PERSONALE 1? Piano;Franz;SAMSUNG;SF-650;;;;;;;
285;ZML;PALAZZINA;1 PIANO;PERSONALE 1? Piano;Franz;HP;Color Laser Jet CP3505 dn;01/07/2015;62.901;16122;11/07/2015;62.956;16.135;10.192.32.155
286;ZML;PALAZZINA;1 PIANO;PERSONALE 1? Piano;Franz;KYOCERA;FS-4200DN;01/07/2015;37.999;;11/07/2015;39.094;;10.192.33.37
287;ZML;PALAZZINA;1 PIANO;PERSONALE 1? Piano;Franz;PITNEYBOWES;DI200;;;;;;;
288;ZML;PALAZZINA;PIANO TERRA;PERSONALE Piano terra;Fornasier;DOCUJET;RA3300;;;;;;;
289;ZML;PALAZZINA;PIANO TERRA;PERSONALE Piano terra;Fornasier;HP;DeskJet 6620;;;;;;;
290;ZML;PALAZZINA;PIANO TERRA;PERSONALE Piano terra;Fornasier;HP;LaserJet 4250;01/07/2015;234.173;;11/07/2015;234.462;;10.192.32.113
291;ZML;PALAZZINA;;PORTINERIA;Portinai;SAMSUNG;SF-560R;;;;;;;
292;ZML;PALAZZINA;;PORTINERIA;Portinai;HP;LaserJet 4000T;;;;;;;
293;ZML;PALAZZINA;;SALA SERVER;AS400;TALLY;T6050;;;;;;;
294;ZML;PALAZZINA;;SALA SERVER;UNIX;TALLY;T2365;;;;;;;
295;ZML;PALAZZINA;;Saletta Sindacale Mensa;Sindacati;HP;LaserJet 4250;;;;;;;
296;ZML;PALAZZINA;;SALETTA VICINO PERSONALE 1? Piano;AS400 (Backup);TALLY;T6050;;;;;;;
297;ZML;GHISA;;Acquisti Ghisa;Mongiat, Roscigno;BROTHER;FAX-2820;;;;;;;
298;ZML;GHISA;;Acquisti Ghisa;Mongiat, Roscigno;HP;LaserJet P1102;;;;;;;
299;ZML;GHISA;;Assicurazione Qualità Ghisa;Bava;HP;OfficeJet 7110;;;;;;;
300;ZML;GHISA;;Assicurazione Qualità Ghisa;Bava;HP;ScanJet 4500C;;;;;;;
301;ZML;GHISA;;Capiturno Ghisa;Sanzone, Di Cristo, Possamai;OLIVETTI;d-copia 35;;;;;;;
302;ZML;GHISA;;Capiturno Ghisa;Sanzone, Di Cristo, Possamai;HP;DeskJet 960C;;;;;;;
303;ZML;GHISA;;Direzione Ghisa;Botte;CANON;iP4950;;;;;;;
304;ZML;GHISA;;Laboratorio Ghisa;;Honeywell Bull;apr-41;;;;;;;
305;ZML;GHISA;;Laboratorio Ghisa;;OKI;Microline 395;;;;;;;
306;ZML;GHISA;;Laboratorio Ghisa;;HP;DeskJet 959c;;;;;;;
307;ZML;GHISA;;Laboratorio Ghisa;;HP;LaserJet P1006;;;;;;;
308;ZML;GHISA;;Laboratorio Ghisa;Rossetto;HP;DeskJet 6122;;;;;;;
309;ZML;GHISA;;Laboratorio Ghisa;;HP;LaserJet 4050TN;01/07/2015;363.530;;11/07/2015;364.010;;10.192.32.171
310;ZML;GHISA;;MAG. AUSILIARI GHISA;Tessaro, Cartelli, Zussino;OLIVETTI;d-copia 35;;;;;;;
311;ZML;GHISA;;MAG. AUSILIARI GHISA;Tessaro;INTERMEC;Easy Coder 301;;;;;;;
312;ZML;GHISA;;MAG. AUSILIARI GHISA;Cartelli;INTERMEC;Easy Coder 301;;;;;;;
313;ZML;GHISA;;BILANCIA GH SUD;Operatori bilancia;DATAMAX;PRODIGY LABEL PRINTER;;;;;;;
314;ZML;GHISA;;BILANCIA GH SUD;Operatori bilancia (Backup);DATAMAX;PRODIGY LABEL PRINTER;;;;;;;
315;ZML;GHISA;;BILANCIA GH SUD;Operatori bilancia (Backup);THARO;THARO 112;;;;;;;
316;ZML;GHISA;;BILANCIA GH SUD;SOLO per pezzi di ricambio;THARO;THARO 112;;;;;;;
317;ZML;GHISA;;BILANCIA GH SUD;SOLO per pezzi di ricambio;;;;;;;;;
318;ZML;GHISA;;BILANCIA GH SUD;SOLO per pezzi di ricambio;;;;;;;;;
319;ZML;GHISA;;MAG. PROD. FINITO;Manes;HP;LaserJet 2100;;;;;;;
320;ZML;GHISA;;Manutenzione Ghisa;Botte, De Pol;SAMSUNG;SF560;;;;;;;
321;ZML;GHISA;;Manutenzione Ghisa;Fabbro, Rossolato, De Pol;HP;Designjet 500;;;;;;;
322;ZML;GHISA;;Manutenzione Ghisa;Fabbro, Rossolato, De Pol;HP;DeskJet 9800;;;;;;;
323;ZML;GHISA;;Manutenzione Ghisa;Fabbro, Rossolato, De Pol;HP;LaserJet 4250;;;;;;;
324;ZML;GHISA;;Manutenzione Ghisa;Banetta;HP;DeskJet 1280;;;;;;;
325;ZML;GHISA;;Manutenzione Ghisa;Banetta;HP;LaserJet 2420;;;;;;;
326;ZML;GHISA;;Produzione Disamatic;Antoniazzi, Magris, Zavagno;HP;LaserJet 5;01/07/2015;198.771;;11/07/2015;199.058;;10.192.32.187
327;ZML;GHISA;;Produzione M49;De Biasio;HP;DeskJet 960C;;;;;;;
328;ZML;GHISA;;Qualità Ghisa;Amianti;HP;Officejet Pro 8000;;;;;;;
329;ZML;GHISA;;Qualità Ghisa;Amianti (Fuori uso);HP;DeskJet 5550;;;;;;;
330;ZML;GHISA;;Qualità Ghisa;Amianti;HP;LaserJet 6P;;;;;;;
331;ZML;GHISA;;SPEDIZIONE;Cassan, Pellegrini;BROTHER;FAX-2820;;;;;;;
332;ZML;GHISA;;SPEDIZIONE;Cassan, Pellegrini;OLIVETTI;d-copia 35;;;;;;;
333;ZML;GHISA;;SPEDIZIONE;Cassan, Pellegrini;EPSON;DLQ-3000;;;;;;;
334;ZML;GHISA;;SPEDIZIONE;Cassan, Pellegrini;LEXMARK;2381;;;;;;;
335;ZML;GHISA;;Tempi Metodi Ghisa;Scrofani, Di Giulian, De Lorenzi;BROTHER;FAX-2820;;;;;;;
336;ZML;GHISA;;Tempi Metodi Ghisa;Scrofani, Di Giulian, De Lorenzi;OLIVETTI;d-copia 35;;;;;;;
337;ZML;GHISA;;Tempi Metodi Ghisa;Scrofani, Di Giulian, De Lorenzi;HP;DeskJet 9800;;;;;;;
338;ZML;GHISA;;Direzione Ghisa;Botte;KYOCERA;KM-2050;;;;;;;
339;ZML;GHISA;;Attrezzeria Ghisa;Marin, Antonini, Cristofoli;HP;DeskJet 960C;;;;;;;
340;ZML;GHISA;;Acquisti;Formenton;OLIVETTI;D-COPIA 18 MF;;;;;;;
341;ZML;ALLUMINIO;;Area Prodotto;NON TROVATA;HP;DeskJet 5652;;;;;;;
342;ZML;ALLUMINIO;;Area Prodotto;"Uffici area tecnica
(manutenzione, sviluppo prodotto area tecnica)";KYOCERA;FS-1030D;;;;;;;
343;ZML;ALLUMINIO;;Area Tech.;Battistella;BROTHER;MFC-9120CN;01/07/2015;59.153;;11/07/2015;59.339;;10.192.33.40
344;ZML;ALLUMINIO;;Assicurazione Qualità De Zorzi;HP;DeskJet 6940;;;;;;;
345;ZML;ALLUMINIO;;Assicurazione Qualità De Zorzi;HP;ScanJet 4370;;;;;;;
346;ZML;ALLUMINIO;;Bilancia Alluminio;Bilancia Alluminio (Per pezzi di ricambio);DATAMAX;DATAMAX Prodigy;;;;;;;
347;ZML;ALLUMINIO;;Bilancia Alluminio;Bilancia Alluminio;DATAMAX;DATAMAX Prodigy;;;;;;;
348;ZML;ALLUMINIO;;Bilancia Alluminio;Bilancia Alluminio (Backup);THARO;THARO 112 Label Printer;;;;;;;
349;ZML;ALLUMINIO;;Bilancia Alluminio;Bilancia Alluminio;THARO;THARO 112 Label Printer;;;;;;;
350;ZML;ALLUMINIO;;Capiturno Alluminio;;HP;DeskJet 5550;;;;;;;
351;ZML;ALLUMINIO;;Capiturno Alluminio;Stampa configurazione matricola = XXXXXXXXX;HP;LaserJet 4000N;;;;;;;
352;ZML;ALLUMINIO;;Direzione Tecnica;Bassi;HP;Desk Jet 6940;;;;;;;
353;ZML;ALLUMINIO;;Direzione Tecnica;Bassi;HP;LaserJet 4050TN;01/07/2015;322.546;;11/07/2015;322.674;;10.192.33.56
354;ZML;ALLUMINIO;;Manutenzione;;HP;DeskJet 930 C;;;;;;;
355;ZML;ALLUMINIO;;Manutenzione;;HP;DeskJet 6940;;;;;;;
356;ZML;ALLUMINIO;;Manutenzione stampi;Fiorot;HP;LaserJet 2100;;;;;;;
357;ZML;ALLUMINIO;;Metrologia;;HP;Officejet Pro 8000;;;;;;;
358;ZML;ALLUMINIO;;Metrologia;;HP;DeskJet 5940;;;;;;;
359;ZML;ALLUMINIO;;Metrologia;;HP;DeskJet 6122;;;;;;;
360;ZML;ALLUMINIO;;Metrologia;;HP;DeskJet 1000;;;;;;;
361;ZML;ALLUMINIO;;Metrologia;;HP;LaserJet CP1525nw;01/07/2015;6.028;4965;11/07/2015;6.076;4.998;10.192.33.89
362;ZML;ALLUMINIO;;Produzione;Usata per stampa dati a bordo macchina;EPSON;EPSON Stylus color 850;;;;;;;
363;ZML;ALLUMINIO;;Qualit?Petris;OLIVETTI;d-copia 35;;;;;;;
364;ZML;ALLUMINIO;;Qualit?Petris;HP;Officejet Pro 8000;;;;;;;
365;ZML;ALLUMINIO;;Spedizione;Tavan, Antonini, Zamaro;BROTHER;FAX-2820;;;;;;;
366;ZML;ALLUMINIO;;Spedizione;Tavan, Antonini, Zamaro;OLIVETTI;d-copia 35;;;;;;;
367;ZML;ALLUMINIO;;Spedizione;Tavan, Antonini, Zamaro (Backup);HP;LaserJet 5M;01/07/2015;154.061;;11/07/2015;154.120;;10.192.32.217
368;ZML;ALLUMINIO;;Sviluppo Prodotto;Covre, Marcuzzi;OLIVETTI;d-copia 35;;;;;;;
369;ZML;ALLUMINIO;;Sviluppo Prodotto;Covre, Marcuzzi;OCE';oc? 9400;;;;;;;
370;ZML;ALLUMINIO;;Sviluppo Prodotto;"Covre, Marcuzzi
Stampa A3";HP;DeskJet 1280;;;;;;;
371;ZML;ALLUMINIO;;Sviluppo Prodotto;Covre, Marcuzzi;HP;LaserJet P2015dn;01/07/2015;38.714;;11/07/2015;38.804;;10.192.32.82
372;ZML;ALLUMINIO;;Tempi e Metodi;Nicodemo, Trotta;HP;LaserJet 2420;;;;;;;
373;ZML;ALLUMINIO;;Tempi e Metodi;Nicodemo, Trotta;HP;DeskJet 5652;;;;;;;
374;ZML;RAME;;Assicurazione Qualit?Rigutto;HP;DeskJet 5550;;;;;;;
375;ZML;RAME;;Capiturno Rame;Mori;ITALORA;SMART830;;;;;;;
376;ZML;RAME;;Capiturno Rame;Bianco, Bottacin;ITALORA;SMART830;;;;;;;
377;ZML;RAME;;Capiturno Rame;Bianco, Bottacin (Backup);ITALORA;SMART830;;;;;;;
378;ZML;RAME;;Capiturno Rame;Bianco, Bottacin;ITALORA;SMART830;;;;;;;
379;ZML;RAME;;Capiturno Rame;Bianco, Bottacin;HP;DeskJet 5150;;;;;;;
380;ZML;RAME;;Capiturno Rame;Bianco, Bottacin;HP;LaserJet 2100;;;;;;;
381;ZML;RAME;;Programmazione Rame;Bianco, Bottacin;ZEBRA;ZT410;;;;;;;
382;ZML;RAME;;Capiturno Rame;Mori;NASHUATEC;P7535n;;;;;;;
383;ZML;RAME;;Controllo Qualit?Rame;Rigutto;OLIVETTI;d-copia 35;;;;;;;
384;ZML;RAME;;Controllo Qualit?Rame;;EPSON;LX-300+;;;;;;;
385;ZML;RAME;;Direzione Rame;Toffolo;HP;Business InkJet 2230;;;;;;;
386;ZML;RAME;;Laboratorio Rame;;EPSON;LX-300+;;;;;;;
387;ZML;RAME;;MAG. AUSILIARI RAME;Petronzo;BROTHER;FAX-2825;;;;;;;
388;ZML;RAME;;MAG. AUSILIARI RAME;Petronzo;INTERMEC;Easy Coder 301;;;;;;;
389;ZML;RAME;;MAG. AUSILIARI RAME;Petronzo;HP;LaserJet 6P;;;;;;;
390;ZML;RAME;;Manutenzione Rame;Saveri;HP;LaserJet 2100;01/07/2015;76.676;;11/07/2015;76.691;;10.192.33.7
391;ZML;RAME;;Produzione Rame;Prova falle a bordo macchina (modello vecchio);EDUE ITALIA;SCRIBA T24;;;;;;;
392;ZML;RAME;;Produzione Rame;Prova falle a bordo macchina (modello vecchio);EDUE ITALIA;SCRIBA T24;;;;;;;
393;ZML;RAME;;Produzione Rame;Prova falle a bordo macchina;ZEBRA;LP2844;;;;;;;
394;ZML;RAME;;Produzione Rame;Prova falle a bordo macchina;ZEBRA;LP2844;;;;;;;
395;ZML;RAME;;Produzione Rame;Prova falle a bordo macchina;ZEBRA;LP2844;;;;;;;
396;ZML;RAME;;Produzione Rame;Prova falle a bordo macchina;ZEBRA;LP2844;;;;;;;
397;ZML;RAME;;Produzione Rame;Prova falle a bordo macchina;ZEBRA;LP2844;;;;;;;
398;ZML;RAME;;Produzione Rame;Prova falle a bordo macchina;ZEBRA;LP2844;;;;;;;
399;ZML;RAME;;Produzione Rame;Prova falle a bordo macchina;ZEBRA;LP2844;;;;;;;
400;ZML;RAME;;Produzione Rame;Prova falle a bordo macchina;ZEBRA;LP2844;;;;;;;
401;ZML;RAME;;Produzione Rame;Prova falle a bordo macchina;ZEBRA;LP2844;;;;;;;
402;ZML;RAME;;Produzione Rame;Prova falle a bordo macchina;ZEBRA;LP2844;;;;;;;
403;ZML;RAME;;Produzione Rame;Prova falle a bordo macchina;ZEBRA;LP2844;;;;;;;
404;ZML;RAME;;Produzione Rame;Prova falle a bordo macchina;ZEBRA;LP2844;;;;;;;
405;ZML;RAME;;Produzione Rame;Prova falle a bordo macchina;ZEBRA;LP2844;;;;;;;
406;ZML;RAME;;Produzione Rame;Prova falle a bordo macchina;ZEBRA;LP2844;;;;;;;
407;ZML;RAME;;Produzione Rame;Prova falle a bordo macchina;ZEBRA;LP2844;;;;;;;
408;ZML;RAME;;Produzione Rame;Prova falle a bordo macchina;ZEBRA;LP2844;;;;;;;
409;ZML;RAME;;Produzione Rame;Prova falle a bordo macchina;ZEBRA;GC420;;;;;;;
410;ZML;RAME;;Programmazione Rame;Ferroli;PANASONIC;KX-FL511;;;;;;;
411;ZML;RAME;;Programmazione Rame;Ferroli;ITALORA;SMART830;;;;;;;
412;ZML;RAME;;Programmazione Rame;Ferroli;HP;LaserJet 5M;;;;;;;
413;ZML;RAME;;Programmazione Rame;Ferroli;TALLY;T6045;;;;;;;
414;ZML;RAME;;Programmazione Rame;Ferroli;ZEBRA;ZT410;;;;;;;
415;ZML;RAME;;Rettifica Filiere;;HP;LaserJet 2200;;;;;;;
416;ZML;RAME;;Tecnico Rame;Comici, Valeri;KYOCERA;KM-2050;01/07/2015;102.543;;11/07/2015;102.656;;10.192.32.228
417;ZML;RAME;;Tecnico Rame;Comici, Valeri;HP;Designjet 750C;;;;;;;
418;ZML;RAME;;Tecnico Rame;Comici, Valeri;HP;Officejet Pro 8000;01/07/2015;7.411;5.725;11/07/2015;7.574;5.867;10.192.33.176
419;ZML;RAME;;Pompaggio smalti;Pompaggio smalti;ZEBRA;ZM400;;;;;;;
420;ZML;NORD;;Bilancia Rame;Bilancia Rame;HP;LaserJet 2420;;;;;;;
421;ZML;NORD;;Bilancia Rame;Bilancia Rame;HP;LaserJet 2035;;;;;;;
422;ZML;NORD;;SPEDIZ. RAME;Backup Bilancia Rame;HP;LaserJet 2035;;;;;;;
423;ZML;NORD;;Bilancia Rame;Bilancia Rame;ZEBRA;ZM400;;;;;;;
424;ZML;NORD;;Bilancia Rame;Bilancia Rame;ZEBRA;ZM400;;;;;;;
425;ZML;NORD;;Bilancia Rame;Bilancia Rame;ZEBRA;ZM600;;;;;;;
426;ZML;NORD;;Bilancia Rame;Backup Bilancia Rame;ZEBRA;ZM400 (4501);;;;;;;
427;ZML;NORD;;Bilancia Rame;Backup Bilancia Rame;ZEBRA;ZM600;;;;;;;
428;ZML;NORD;;Bilancia Rame;Orbelli, Salerno, Rossi;BROTHER;FAX-2820;;;;;;;
429;ZML;NORD;;Bilancia Rame;Orbelli, Salerno, Rossi;OLIVETTI;d-copia 35;;;;;;;
430;ZML;NORD;;Bilancia Rame;Orbelli, Salerno, Rossi;EPSON;DLQ-3000;;;;;;;
431;ZML;NORD;;Bilancia Rame;Orbelli, Salerno, Rossi;EPSON;DLQ-3000;;;;;;;
432;ZML;NORD;;Bilancia Rame;Orbelli, Salerno, Rossi;ZEBRA;TLP 2844-Z;;;;;;;
433;ZML;NORD;;Bilancia Rame;Orbelli;CANON;Canon Scan 8400F;;;;;;;
434;ZML;NORD;;Bilancia Rame;Orbelli, Salerno, Rossi;HP;LaserJet 2100;;;;;;;
435;ZML;NORD;;Finishing Ghisa Nord;Pillitteri;PANASONIC;KX-FL511;;;;;;;
436;ZML;NORD;;Finishing Ghisa Nord;Pillitteri;HP;LaserJet 5M;;;;;;;
437;ZML;NORD;;Bilancia Ghisa Nord;Bilancia Ghisa Nord;BROTHER;FAX-2820;;;;;;;
438;ZML;NORD;;Bilancia Ghisa Nord;Bilancia Ghisa Nord;THARO;THARO 112;;;;;;;
439;ZML;NORD;;Officina Attrezzeria;Riccioni;HP;DeskJet 1220C;;;;;;;
440;ZML;NORD;;Ex SPEDIZ. ALLUM:;;EPSON;DLQ-3000;;;;;;;
441;ZML;GHISA;;Assicurazione Qualità Ghisa;Bava;OKI;C830;01/07/2015;149.619;;11/07/2015;149.898;;10.192.32.163
442;SAFOG SRL;;;UFFICI AMMINISTRAZIONE;;CANON;CANON NP 6630;;;;;;;
443;SAFOG SRL;;;UFFICI AMMINISTRAZIONE;S.CANTARUTTI;HP;COLOR LASERJET CP2025;;;;;;;
444;SAFOG SRL;;;UFFICI AMMINISTRAZIONE;A.CESCHIAT;HP;LaserJet 1022;;;;;;;
445;SAFOG SRL;;;UFFICI REPARTO SAFOG;A.RUSSO,M.ZAZZALI,T.ZOTTI;HP;DeskJet 1220C;;;;;;;
446;SAFOG SRL;;;UFFICI REPARTO SAFOG;;TOSHIBA;STUDIO 200;;;;;;;
447;OFFICINE MECCANICHE ERMEN;;;UFFICI REPARTO;M.ERMEN;OKI;OKI C3450;22/07/2015;1;;22/08/2015;1000;;
448;OFFICINE MECCANICHE ERMEN;;;UFFICI REPARTO;F.BAITA;HP;DeskJet 840C;22/07/2015;1;;22/08/2015;500;;
449;PRECISTEEL;;PIANO TERRA;;;EPSON;EPSON LX 300;;;;;;;
450;PRECISTEEL;;PIANO TERRA;;;HP;DeskJet 710c;;;;;;;
451;PRECISTEEL;;CARRARA;;;HP;DeskJet 1220C;;;;;;;
452;PRECISTEEL;;CARRARA;FUNZIONA SOLO IL TELEFONO;;SAMSUNG;FAX SAMSUNG SF 5100;;;;;;;
453;PRECISTEEL;;CARRARA;NON USATA BLOCCATA;;MITA;COPIA MITA DC 2060;;;;;;;
454;PRECISTEEL;;CARRARA;NON USATA BLOCCATA;;OLIVETTI;D-COPIA 8020;;;;;;;
455;PRECISTEEL;;REPARTO CERAMICA;;;HP;LaserJet 1300;;;;;;;
456;PRECISTEEL;;REPARTO COLLAUDO;;;OLIVETTI;D-COPIA 2200MF;01/07/2015;177.091;;10/07/2015;177.704;;10.10.5.225
;;;;;;;;;;;;;;
1;AFC;PALAZZINA DIREZIONALE;PIANO RIALZATO;PORTINERIA;S. SGOIFO;COMPUPRINT;COMPUPRINT 1070;;;;;;;
1001;FLAG;;;UFFICIO AMMINSTRAZIONE;;KYOCERA;FS-6950DN;20/07/2015;111.449;;;;;
1002;FLAG;;;DIRETTORE BOTTALICO;;CANON;IP4950;20/07/2015;1;;20/08/2015;500;;
1003;FLAG;;;LAB. CHIMICO 2;;COMPUPRINT;apr-41;;;;;;;
1004;;;;;;;;;;;;;;
1005;;;;;;;;;;;;;;
2001;AFC;PALAZZINA DIREZIONALE;PIAN TERRA Rialzato;PORTINERIA;S.SGOIFO;BROTHER;8070P;22/07/2015;1;;22/08/2015;500;;
2002;AFC;PALAZZINA DIREZIONALE;PIAN TERRA Rialzato;;;;2820-;22/07/2015;9.834;;;;;
2003;AFC;CONTAINER sopraelevato;;RICEVIMENTO ROTTAME;;HP;DESKJET 959C;22/07/2015;1;;22/08/2015;500;;
2004;AFC;;;ANIMSTERIA;;BROTHER;2840-;22/07/2015;1;;22/08/2015;500;;
2005;AFC;;;FORMATURA 2;;RICOH;FT4015;22/07/2015;1;;22/08/2015;500;;
2006;AFC;;;FORMATURA 2;;HP;DeskJet 710;22/07/2015;1;;22/08/2015;500;;
2007;AFC;;;LMC1;;BROTHER;8070P;22/07/2015;1;;22/08/2015;500;;
2008;FACS FUCINE;;;COSCIA;;BROTHER;2820P;22/07/2015;1;;22/08/2015;500;;
